,,,,,,,,,,,,,,,
Parliamentary Constituency,,,,,Winner,,,Runner Up,,,,,,,
#,Division,Name,Poverty rate (HCR),Literacy rate (%),Candidate,Party,Votes,Candidate,Party,Votes,Margin,Total Voters,Male Voters,Female voters,Transgender Voters
1,Rangpur,Panchagarh-1,33.2,46,Muhammad Nawshad Zamir,BNP,176169,Sarjis Alam,NCP,168049,8120,463700,231976,231723,1
2,Rangpur,Panchagarh-2,33.2,46,Farhad Hossain Azad,BNP,174650,Md. Shafiul Alam,Jamaat,128862,45788,417529,209708,207818,3
3,Rangpur,Thakurgaon-1,23.3,46,Mirza Fakhrul Islam Alamgir,BNP,238836,Delawar Hossain,Jamaat,141017,97819,511629,255053,256572,4
4,Rangpur,Thakurgaon-2,23.3,46,Farhad Hossain Azad,BNP,121017,Md. Abdul Hakim,Jamaat,115707,5310,340049,175232,164816,1
5,Rangpur,Thakurgaon-3,23.3,46,Jahidur Rahman,BNP,132797,Md. Mizanur Rahman,Jamaat,91934,40863,401735,202869,198864,2
6,Rangpur,Dinajpur-1,25.7,46,Md. Manjurul Islam,BNP,179314,Md. Matiur Rahman,Jamaat,117481,61833,417133,208919,208212,2
7,Rangpur,Dinajpur-2,25.7,46,Md. Sadiq Riaz,BNP,144317,A. K. M. Afzalul Anam,Jamaat,101831,42486,371478,187112,184366,0
8,Rangpur,Dinajpur-3,25.7,46,Syed Jahangir Alam,BNP,139207,Md. Mainul Alam,Jamaat,134618,4589,415636,205486,210148,2
9,Rangpur,Dinajpur-4,25.7,46,Md. Akhtaruzzaman Mia,BNP,165577,Md. Aftab Uddin Mollah,Jamaat,127666,37911,421278,211304,209972,2
10,Rangpur,Dinajpur-5,25.7,46,A. Z. M. Rezwanul Haque,IND,113650,Md. Abdul Ahad,NCP,108948,4702,477516,238583,238930,3
11,Rangpur,Dinajpur-6,25.7,46,A. Z. M. Zahid Hossain,BNP,203887,Md. Anwarul Islam,Jamaat,188719,15168,557692,278086,279593,13
12,Rangpur,Nilphamari-1,22.2,46,Md. Abdus Sattar,Jamaat,149224,Md. Manjurul Islam,JUIB,118160,31064,460271,232483,227786,2
13,Rangpur,Nilphamari-2,22.2,46,Alfaruk Abdul Latif,Jamaat,145202,Shahrin Islam Tuhin,BNP,134579,10623,385785,193034,192749,2
14,Rangpur,Nilphamari-3,22.2,46,Obaidullah Salafi,Jamaat,108560,Syed Ali,BNP,89102,19458,294446,149878,144567,1
15,Rangpur,Nilphamari-4,22.2,46,Abdul Montakim,Jamaat,124865,Md. Abdul Gafur Sarkar,BNP,81526,43339,451814,226728,225081,5
16,Rangpur,Lalmonirhat-1,20,46,Hasan Rajib Pradhan,BNP,138686,Md. Anwarul Islam Raju,Jamaat,129572,9114,403561,202707,200852,2
17,Rangpur,Lalmonirhat-2,20,46,Md. Rokun Uddin Babul,BNP,123946,Md. Feroz Haider,Jamaat,66904,57042,432964,217200,215761,3
18,Rangpur,Lalmonirhat-3,20,46,Asadul Habib Dulu,BNP,139657,Md. Abu Taher,Jamaat,56244,83413,307970,154167,153801,2
19,Rangpur,Rangpur-1,21.8,46,Raihan Siraji,Jamaat,145088,Md. Mokarram Hossain Sujan,BNP,69407,75681,375227,188829,186394,4
20,Rangpur,Rangpur-2,21.8,46,ATM Azharul Islam,Jamaat,43076,Muhammad Ali Sarkar,BNP,22100,20976,380921,192287,188625,9
21,Rangpur,Rangpur-3,21.8,46,Mahbubur Rahman Belal,Jamaat,175827,Md. Samsuzzaman Samu,BNP,84578,91249,508223,252369,255849,5
22,Rangpur,Rangpur-4,21.8,46,Akhter Hossen,NCP,147947,Mohammad Emdadul Haque Bharsa,BNP,139616,8331,509905,250787,259113,5
23,Rangpur,Rangpur-5,21.8,46,Md. Golam Rabbani,Jamaat,175208,Md. Golam Rabbani,BNP,114141,61067,469189,232462,236723,4
24,Rangpur,Rangpur-6,21.8,46,Md. Nurul Amin,Jamaat,118890,Md. Saiful Islam,BNP,116919,1971,318131,157935,160192,4
25,Rangpur,Kurigram-1,31.3,46,Md. Anwarul Islam,Jamaat,141090,Saifur Rahman Rana,BNP,123025,18065,563978,281424,282551,3
26,Rangpur,Kurigram-2,31.3,46,Atiqur Rahman Mojahid,NCP,178869,Md. Sohail Hosnain Kaikobad,BNP,170335,8534,604738,299890,304841,7
27,Rangpur,Kurigram-3,31.3,46,Md. Mahbubul Alam,Jamaat,107930,Tasvir Ul Islam,BNP,79352,28578,368470,183064,185406,0
28,Rangpur,Kurigram-4,31.3,46,Md. Mostafizur Rahman,Jamaat,108210,Md. Azizur Rahman,BNP,84423,23787,362753,181361,181388,4
29,Rangpur,Gaibandha-1,24.6,46,Md. Majedur Rahman,Jamaat,140726,Khandaker Ziaul Islam,BNP,37997,102729,419111,207573,211535,3
30,Rangpur,Gaibandha-2,24.6,46,Md. Abdul Karim,Jamaat,122630,Anisuzzaman Khan Babu,BNP,92890,29740,411460,202034,209415,11
31,Rangpur,Gaibandha-3,24.6,46,Mohammad Nazrul Islam,Jamaat,162457,Syed Mainul Hasan Sadiq,BNP,139864,22593,506185,248901,257275,9
32,Rangpur,Gaibandha-4,24.6,46,Shamim Kaisar Lincoln,BNP,142772,Md. Abdur Rahim Sarkar,Jamaat,139738,3034,468384,231616,236758,10
33,Rangpur,Gaibandha-5,24.6,46,Md. Abdul Warres,Jamaat,89274,Md. Farooq Alam Sarkar,BNP,73483,15791,385261,192277,192981,3
34,Rajshahi,Joypurhat-1,15.1,47.2,Md. Fazlur Rahman Sayeed,Jamaat,165192,Md. Masud Rana Pradhan,BNP,155309,9883,466274,231984,234282,8
35,Rajshahi,Joypurhat-2,15.1,47.2,Md. Abdul Bari,BNP,158065,SM Rashedul Alam,Jamaat,92517,65548,351572,174177,177393,2
36,Rajshahi,Bogra-1,12,47.2,Kazi Rafiqul Islam,BNP,171440,Md. Shahabuddin,Jamaat,57959,113481,376019,186388,189626,5
37,Rajshahi,Bogra-2,12,47.2,Mir Shahe Alam,BNP,145024,Abul Azad Md Shahaduzzaman,Jamaat,93548,51476,342155,171497,170653,5
38,Rajshahi,Bogra-3,12,47.2,Md. Abdul Mohit Talukder,BNP,127406,Noor Mohammad,Jamaat,111026,16380,339181,169347,169831,3
39,Rajshahi,Bogra-4,12,47.2,Md. Mosharraf Hossain,BNP,155339,Md. Mustafa Faisal,Jamaat,108978,46361,359523,178985,180530,8
40,Rajshahi,Bogra-5,12,47.2,Gholam Mohammad Siraj,BNP,248841,Md. Dabibur Rahman,Jamaat,143329,105512,572340,281287,291047,6
41,Rajshahi,Bogra-6,12,47.2,Tarique Rahman,BNP,216284,Md. Abidur Rahman,Jamaat,97626,118658,454043,222796,231237,10
42,Rajshahi,Bogra-7,12,47.2,Morshed Milton,BNP,264212,Md. Golam Rabbani,Jamaat,116665,147547,538092,270070,268017,5
43,Rajshahi,Chapai Nawabganj-1,34.7,47.2,Md. Keramat Ali,Jamaat,206893,Md. Shahjahan Mia,BNP,162515,44378,500181,255316,244865,0
44,Rajshahi,Chapai Nawabganj-2,34.7,47.2,Md. Mizanur Rahman,Jamaat,171227,Md. Aminul Islam,BNP,155119,16108,461000,228825,232174,1
45,Rajshahi,Chapai Nawabganj-3,34.7,47.2,Md. Nurul Islam,Jamaat,189640,Harunur Rashid,BNP,127037,62603,468479,236648,231831,0
46,Rajshahi,Naogaon-1,16.2,47.2,Md. Mostafizur Rahman,BNP,173864,Md. Mahbubul Alam,Jamaat,153816,20048,474067,235379,238684,4
47,Rajshahi,Naogaon-2,16.2,47.2,Md. Enamul Haque,Jamaat,141526,Md. Samsujjoha Khan,BNP,134533,6993,372436,185375,187059,2
48,Rajshahi,Naogaon-3,16.2,47.2,Md. Fazle Huda,BNP,166889,Md. Mahfuzur Rahman,Jamaat,119421,47468,440785,218988,221796,1
49,Rajshahi,Naogaon-4,16.2,47.2,Ekramul Bari Tipu,BNP,133924,Md. Abdur Rakib,Jamaat,97585,36339,333862,165643,168215,4
50,Rajshahi,Naogaon-5,16.2,47.2,Md. Zahidul Islam Dulu,BNP,129385,Abu Sadat Md. Sayem,Jamaat,104747,24638,363030,180031,182994,5
51,Rajshahi,Naogaon-6,16.2,47.2,Sheikh Md. Rezaul Islam,BNP,108866,Md. Khabirul Islam,Jamaat,97629,11237,345416,174350,171061,5
52,Rajshahi,Rajshahi-1,15.5,47.2,Mujibur Rahman,Jamaat,171786,Md. Sharif Uddin,BNP,169902,1884,468780,234078,234699,3
53,Rajshahi,Rajshahi-2,15.5,47.2,Mizanur Rahman Minu,BNP,128546,Mohammad Jahangir,Jamaat,100370,28176,369564,178249,191307,8
54,Rajshahi,Rajshahi-3,15.5,47.2,Shofiqul Haque Milon,BNP,176318,Md. Abul Kalam Azad,Jamaat,137927,38391,423738,210897,212835,6
55,Rajshahi,Rajshahi-4,15.5,47.2,Md. Abdul Bari,Jamaat,115226,Ziaur Rahman,BNP,109461,5765,319909,160720,159185,4
56,Rajshahi,Rajshahi-5,15.5,47.2,Nazrul Islam,BNP,153425,Manzoor Rahman,Jamaat,73445,79980,376333,187764,188564,5
57,Rajshahi,Rajshahi-6,15.5,47.2,Md. Abu Said Chand,BNP,148672,Md. Nazmul Haque,Jamaat,92965,55707,357054,178068,178984,2
58,Rajshahi,Natore-1,24.4,47.2,Farzana Sharmin,BNP,102726,Md. Abul Kalam Azad,Jamaat,90568,12158,368276,183595,184679,2
59,Rajshahi,Natore-2,24.4,47.2,Ruhul Quddus Talukdar Dulu,BNP,162841,Md. Yunus Ali,Jamaat,130066,32775,406886,201655,205222,9
60,Rajshahi,Natore-3,24.4,47.2,Md. Anwarul Islam,BNP,119768,Md. Daudar Mahmud,IND,66492,53276,326872,164088,162781,3
61,Rajshahi,Natore-4,24.4,47.2,Md. Abdul Aziz,BNP,170551,Md. Abdul Hakim,Jamaat,135386,35165,445172,221348,223821,3
62,Rajshahi,Sirajganj-1,10.9,47.2,Md. Salim Reza,BNP,116613,Md. Shahinur Alam,Jamaat,108815,7798,385024,189676,195344,4
63,Rajshahi,Sirajganj-2,10.9,47.2,Iqbal Hasan Mahmud Tuku,BNP,176638,Muhammad Zahidul Islam,Jamaat,136595,40043,469878,235248,234626,4
64,Rajshahi,Sirajganj-3,10.9,47.2,Md. Ainul Haque,BNP,174430,Muha: Abdur Rauf Sarkar,BKM,116802,57628,444427,222737,221683,7
65,Rajshahi,Sirajganj-4,10.9,47.2,Md. Rafiqul Islam Khan,Jamaat,161872,M. Akbar Ali,BNP,161278,594,475821,243680,232125,16
66,Rajshahi,Sirajganj-5,10.9,47.2,Md. Amirul Islam Khan,BNP,134197,Md. Ali Alam,Jamaat,105188,29009,426321,218664,207655,2
67,Rajshahi,Sirajganj-6,10.9,47.2,M. A. Muhit,BNP,171508,SM Saif Mostafiz,NCP,103884,67624,485387,246412,238972,3
68,Rajshahi,Pabna-1,12.1,47.2,Mohammad Najibur Rahman,Jamaat,129974,Md. Shamsur Rahman,BNP,104245,25729,340935,174438,166496,1
69,Rajshahi,Pabna-2,12.1,47.2,AKM Salim Reza Habib,BNP,213950,Md. Hesab Uddin,Jamaat,75387,138563,497394,254704,242689,1
70,Rajshahi,Pabna-3,12.1,47.2,Muhammad Ali Asghar,Jamaat,147475,Md. Hasan Zafir Tuhin,BNP,144206,3269,486806,243937,242863,6
71,Rajshahi,Pabna-4,12.1,47.2,Md. Abu Taleb Mandal,Jamaat,137675,Md. Habibur Rahman,BNP,133874,3801,440168,221442,218720,6
72,Rajshahi,Pabna-5,12.1,47.2,Shamsur Rahman Simul Biswas,BNP,181925,Md. Iqbal Hossain,Jamaat,164994,16931,528044,266433,261608,3
73,Khulna,Meherpur-1,9.8,52.9,Md. Tajuddin Khan,Jamaat,123271,Masood Arun,BNP,105441,17830,316975,157890,159082,3
74,Khulna,Meherpur-2,9.8,52.9,Md. Nazmul Huda,Jamaat,96306,Md. Amjad Hossain,BNP,85988,10318,270705,135087,135615,3
75,Khulna,Kushtia-1,18,52.9,Reza Ahmed,BNP,165909,Md. Belal Uddin,Jamaat,86682,79227,404504,203492,201011,1
76,Khulna,Kushtia-2,18,52.9,Abdul Ghafoor,Jamaat,192083,Ragib Rauf Chowdhury,BNP,143821,48262,523454,262632,260819,3
77,Khulna,Kushtia-3,18,52.9,Amir Hamza,Jamaat,180690,Md. Zakir Hossain Sarkar,BNP,126909,53781,440842,217269,223569,4
78,Khulna,Kushtia-4,18,52.9,Md. Afjal Hossain,Jamaat,148201,Syed Mehdi Ahmed Rumi,BNP,139603,8598,424417,213504,210908,5
79,Khulna,Chuadanga-1,20.9,52.9,Md. Masood Parvez,Jamaat,211041,Md. Sharifuzzaman,BNP,153193,57848,511657,254385,257265,7
80,Khulna,Chuadanga-2,20.9,52.9,Md. Ruhul Amin,Jamaat,208011,Mahmud Hasan Khan,BNP,163877,44134,492431,246716,245711,4
81,Khulna,Jhenaidah-1,21.2,52.9,Md. Asaduzzaman,BNP,173381,Abu Saleh Md. Matiur Rahman,Jamaat,57055,116326,325278,163001,162277,0
82,Khulna,Jhenaidah-2,21.2,52.9,Ali Azam Md. Abu Bakr,Jamaat,195702,Md. Abdul Majeed,BNP,175984,19718,506640,251666,254963,11
83,Khulna,Jhenaidah-3,21.2,52.9,Md. Motiyar Rahman,Jamaat,175857,Mohammad Mehdi Hasan,BNP,149821,26036,431015,217470,213542,3
84,Khulna,Jhenaidah-4,21.2,52.9,Md. Abu Talib,Jamaat,105999,Md. Saiful Islam Feroze,IND,77104,28895,375177,189011,186159,7
85,Khulna,Jessore-1,20,52.9,Muhammad Azizur Rahman,Jamaat,119093,Md. Nuruzzaman Liton,BNP,93542,25551,311633,155807,155823,3
86,Khulna,Jessore-2,20,52.9,Mohammad Moslehuddin Farid,Jamaat,180965,Sabira Sultana,BNP,146447,34518,484866,243374,241490,2
87,Khulna,Jessore-3,20,52.9,Anindya Islam Amit,BNP,201339,Md. Abdul Quader,Jamaat,187463,13876,613460,307549,305901,10
88,Khulna,Jessore-4,20,52.9,Ghulam Rasul,Jamaat,176912,Mujibur Rahman Khokon,BNP,131917,44995,458531,228433,230094,4
89,Khulna,Jessore-5,20,52.9,Gazi Enamul Haque,Jamaat,132876,Shahid Md. Iqbal Hossain,IND,85045,47831,374252,188480,185768,4
90,Khulna,Jessore-6,20,52.9,Md. Mokhtar Ali,Jamaat,92234,Md. Abul Hossain Azad,BNP,80141,12093,229163,115244,113917,2
91,Khulna,Magura-1,22.8,52.9,Md. Monowar Hossain,BNP,185338,Abdul Mateen,Jamaat,89691,95647,430775,215268,215504,3
92,Khulna,Magura-2,22.8,52.9,Nitai Roy Chowdhury,BNP,147896,Md. Musharhsed Billah,Jamaat,117018,30878,416634,211546,205085,3
93,Khulna,Narail-1,14.9,52.9,Biswas Jahangir Alam,BNP,99975,Md. Obaidullah,Jamaat,75225,24750,294155,148505,145648,2
94,Khulna,Narail-2,14.9,52.9,Md. Ataur Rahman,Jamaat,118142,Md. Monirul Islam,IND,78457,39685,390988,194245,196739,4
95,Khulna,Bagerhat-1,13.7,52.9,Md. Moshiur Rahman Khan,Jamaat,117527,Kapil Krishna Mandal,BNP,114323,3204,375560,190838,184720,2
96,Khulna,Bagerhat-2,13.7,52.9,Sheikh Manjurul Haque Rahad,Jamaat,117709,Sheikh Mohammad Zakir Hossain,BNP,66409,51300,338009,167739,170265,5
97,Khulna,Bagerhat-3,13.7,52.9,Sheikh Faridul Islam,BNP,102661,Mohammad Abdul Wadud Sheikh,Jamaat,83550,19111,266864,132350,134510,4
98,Khulna,Bagerhat-4,13.7,52.9,Md. Abdul Alim,Jamaat,116067,Somnath Dey,BNP,98326,17741,380679,191812,188864,3
99,Khulna,Khulna-1,10.2,52.9,Amir Ejaz Khan,BNP,121352,Krishna Nandi,Jamaat,70346,51006,307103,152285,154814,4
100,Khulna,Khulna-2,10.2,52.9,Sheikh Jahangir Hussain Helal,Jamaat,93789,Nazrul Islam Manju,BNP,88197,5592,335241,165762,169469,10
101,Khulna,Khulna-3,10.2,52.9,Rakibul Islam,BNP,74845,Mohammad Mahfuzur Rahman,Jamaat,66010,8835,254409,127636,126765,8
102,Khulna,Khulna-4,10.2,52.9,SK Azizul Bari Helal,BNP,123162,SM Sakhawat Hossain,KM,109530,13632,378453,188526,189922,5
103,Khulna,Khulna-5,10.2,52.9,Mohammad Ali Asghar Lobby,BNP,148854,Mia Golam Parwar,Jamaat,146246,2608,402798,199354,203443,1
104,Khulna,Khulna-6,10.2,52.9,Abul Kalam Azad,Jamaat,150724,SM Monirul Hasan,BNP,124710,26014,423331,212869,210461,1
105,Khulna,Satkhira-1,17.3,52.9,Md. Izzatullah,Jamaat,193772,Md. Habibul Islam Habib,BNP,169995,23777,496848,247873,248973,2
106,Khulna,Satkhira-2,17.3,52.9,Muhammad Abdul Khaliq,Jamaat,266959,Md. Abdur Rauf,BNP,116293,150666,535654,265965,269685,4
107,Khulna,Satkhira-3,17.3,52.9,Hafez Rabiul Bashar,Jamaat,184233,Md. Shahidul Alam,IND,105379,78854,502222,253984,248235,3
108,Khulna,Satkhira-4,17.3,52.9,Gazi Nazrul Islam,Jamaat,106913,Md. Moniruzzaman,BNP,85426,21487,298052,150027,148021,4
109,Barishal,Barguna-1,19.8,60.9,Md. Ali Ullah,IAB,140291,Md. Nazrul Islam Mollah,BNP,136145,4146,519460,259098,260351,11
110,Barishal,Barguna-2,19.8,60.9,Md. Nurul Islam,BNP,90643,Dr. Sultan Ahmad,Jamaat,85247,5396,337744,167965,169775,4
111,Barishal,Patuakhali-1,20.8,60.9,Altaf Hossain Chowdhury,BNP,152087,Md Feroze Alam,IAB,58161,93926,505840,254339,251493,8
112,Barishal,Patuakhali-2,20.8,60.9,Shafiqul Islam Masud,Jamaat,100750,Md. Shahidul Alam Talukder,BNP,72676,28074,315282,160501,154779,2
113,Barishal,Patuakhali-3,20.8,60.9,Nurul Haque Nur,GOP,97323,Md Hasan Mamun,IND,81361,15962,375871,189020,186848,3
114,Barishal,Patuakhali-4,20.8,60.9,ABM Mosharraf Hossain,BNP,124013,Mostafizur Rahman,IAB,70127,53886,312603,158123,154475,5
115,Barishal,Bhola-1,27,60.9,Andaleeve Rahman,BJP,105543,Md. Nazrul Islam,Jamaat,75337,30206,406567,210087,196475,5
116,Barishal,Bhola-2,27,60.9,Hafiz Ibrahim,BNP,119085,Mohammad Fazlul Karim,Jamaat,93703,25382,395546,206433,189112,1
117,Barishal,Bhola-3,27,60.9,Hafizuddin Ahmed,BNP,145990,Muhammad Nizamul Haque,BDP,57351,88639,388550,200497,188050,3
118,Barishal,Bhola-4,27,60.9,Mohammad Nurul Islam,BNP,189351,Mohammad Mustafa Kamal,Jamaat,81437,107914,502026,262843,239176,7
119,Barishal,Barisal-1,25.7,60.9,Zahir Uddin Swapan,BNP,100552,Md. Kamrul Islam Khan,Jamaat,46263,54289,328198,165364,162834,0
120,Barishal,Barisal-2,25.7,60.9,Sardar Sarfuddin Ahmed,BNP,141622,Abdul Mannan,Jamaat,74082,67540,385807,196262,189544,1
121,Barishal,Barisal-3,25.7,60.9,Zainul Abedin,BNP,80930,Asaduzzaman Fuaad,ABP,61192,19738,332097,167921,164173,3
122,Barishal,Barisal-4,25.7,60.9,Md. Rajib Ahsan,BNP,128322,Mohammad Abdul Jabbar,Jamaat,74684,53638,421975,217942,204030,3
123,Barishal,Barisal-5,25.7,60.9,Majibur Rahman Sarwar,BNP,135146,Syed Faizul Karim,IAB,95044,40102,501304,250680,250615,9
124,Barishal,Barisal-6,25.7,60.9,Abul Hossain Khan,BNP,82217,Md. Mahmudunnabi,Jamaat,55988,26229,315597,160055,155538,4
125,Barishal,Jhalokati-1,33.5,60.9,Rafiqul Islam Jamal,BNP,62010,Faizul Haque,Jamaat,55120,6890,228431,116427,112002,2
126,Barishal,Jhalokati-2,33.5,60.9,Israt Sultana Ilein Bhutto,BNP,113419,SM Nayeamul Karim,Jamaat,70556,42863,365397,185451,179944,2
127,Barishal,Pirojpur-1,37.9,60.9,Masood Sayeedi,Jamaat,132659,Alamgir Hossain,BNP,107105,25554,392178,198709,193469,0
128,Barishal,Pirojpur-2,37.9,60.9,Ahmad Sohail Manzoor,BNP,105185,Shameem Sayeedi,Jamaat,96897,8288,409288,204312,204972,4
129,Barishal,Pirojpur-3,37.9,60.9,Md. Ruhul Amin Dulal,BNP,63791,Md. Shamim Hamidi,NCP,36616,27175,241361,122045,119315,1
138,Mymensingh,Jamalpur-1,18.8,38.95,M Rashiduzzaman Millat,BNP,172011,Muhammad Nazmul Haque Sayeedi,Jamaat,93661,78350,431707,216207,215498,2
139,Mymensingh,Jamalpur-2,18.8,38.95,A. E. Sultan Mahmud Babu,BNP,95860,Md. Shamiul Haque,Jamaat,62434,33426,282103,144469,137633,1
140,Mymensingh,Jamalpur-3,18.8,38.95,Md. Mostafizur Rahman Babul,BNP,207412,Md. Mujibur Rahman Azadi,Jamaat,81430,125982,539504,274257,265241,6
141,Mymensingh,Jamalpur-4,18.8,38.95,Md. Faridul Kabir Talukder,BNP,147406,Mohammad Abdul Awal,Jamaat,44947,102459,304992,151527,153464,1
142,Mymensingh,Jamalpur-5,18.8,38.95,Shah Md Waresh Ali Mamun,BNP,199344,Muhammad Abdus Sattar,Jamaat,113201,86143,576810,281747,295053,10
143,Mymensingh,Sherpur-1,19.9,38.95,Md. Rashedul Islam Rashed,Jamaat,127811,Sansila Zebrin,BNP,78342,49469,450489,224472,226009,8
144,Mymensingh,Sherpur-2,19.9,38.95,Mohammad Fahim Chowdhury,BNP,118472,Md. Golam Kibria,Jamaat,108335,10137,440035,215786,224249,0
145,Mymensingh,Sherpur-3,19.9,38.95,Election postponed,,,,,,0,413377,205077,208293,7
146,Mymensingh,Mymensingh-1,20.4,38.95,Mohammed Salman Omar,IND,108265,Syed Imran Saleh,BNP,101926,6339,483712,241604,242104,4
147,Mymensingh,Mymensingh-2,20.4,38.95,Muhammadullah,BKM,144565,Motahar Hossain Talukder,BNP,117344,27221,576167,294451,281713,3
148,Mymensingh,Mymensingh-3,20.4,38.95,M Iqbal Hossain,BNP,75320,Ahmad Taibur Rahman,IND,65995,9325,298268,150780,147487,1
149,Mymensingh,Mymensingh-4,20.4,38.95,Md. Abu Wahab Akand Wahid,BNP,177891,Mohammad Kamrul Ahsan,Jamaat,169580,8311,695306,345005,350291,10
150,Mymensingh,Mymensingh-5,20.4,38.95,Mohammad Zakir Hossain,BNP,128896,Md. Matiur Rahman Akand,Jamaat,102228,26668,387927,194275,193650,2
151,Mymensingh,Mymensingh-6,20.4,38.95,Md. Kamrul Hasan,Jamaat,75946,Akhtar Sultana,IND,52669,23277,417927,210330,207595,2
152,Mymensingh,Mymensingh-7,20.4,38.95,Md. Mahabubur Rahman,BNP,99049,Md. Achaduzzaman,Jamaat,84851,14198,403249,205179,198070,0
153,Mymensingh,Mymensingh-8,20.4,38.95,Lutfulahel Majed,BNP,107577,Md. Aurangzeb Belal,LDP,45791,61786,348879,179437,169436,6
154,Mymensingh,Mymensingh-9,20.4,38.95,Yasser Khan Chowdhury,BNP,85761,AKM Anwarul Islam,BDP,71168,14593,384641,198692,185942,7
155,Mymensingh,Mymensingh-10,20.4,38.95,Mohammad Aktaruzzaman,BNP,75585,Abu Bakr Siddiqur Rahman,IND,67013,8572,409364,209120,200241,3
156,Mymensingh,Mymensingh-11,20.4,38.95,Fakhruddin Ahmed,BNP,111230,Muhammad Morshed Alam,IND,66016,45214,358659,178020,180636,3
157,Mymensingh,Netrokona-1,33.9,38.95,Kaiser Kamal,BNP,158343,Golam Rabbani,BKM,87488,70855,456182,231751,224427,4
158,Mymensingh,Netrokona-2,33.9,38.95,Md. Anwarul Haque,BNP,171399,Md. Fahim Rahman Khan Pathan,NCP,67367,104032,502438,252379,250047,12
159,Mymensingh,Netrokona-3,33.9,38.95,Rafiqul Islam Hilali,BNP,118469,Md Delwar Hossain Bhuiyan,IND,68961,49508,420686,214883,205794,9
160,Mymensingh,Netrokona-4,33.9,38.95,Lutfozzaman Babar,BNP,160801,Md. Al Helal,Jamaat,39840,120961,375308,190313,184982,13
161,Mymensingh,Netrokona-5,33.9,38.95,Machum Mustafa,Jamaat,82177,Md. Abu Taher Talukdar,BNP,79412,2765,290117,147896,142219,2
130,Dhaka,Tangail-1,13.3,50.8,Fakir Mahbub Anam,BNP,153932,Muhammad Abdullah Kafi,Jamaat,94462,59470,437433,216007,221424,2
131,Dhaka,Tangail-2,13.3,50.8,Abdus Salam Pintu,BNP,198213,Md. Humayun Kabir,Jamaat,60871,137342,418606,210422,208183,1
132,Dhaka,Tangail-3,13.3,50.8,Md. Lutfar Rahman Khan Azad,IND,107901,SM Obaidul Haque,BNP,82769,25132,382720,191864,190853,3
133,Dhaka,Tangail-4,13.3,50.8,Md. Lutfar Rahman,BNP,105342,Abdul Latif Siddiqui,IND,62509,42833,374917,189942,184972,3
134,Dhaka,Tangail-5,13.3,50.8,Sultan Saladin Tuku,BNP,131279,Ahsan Habib,Jamaat,80283,50996,462412,231303,231108,1
135,Dhaka,Tangail-6,13.3,50.8,Md Rabiul Awal,BNP,150952,AKM Abdul Hamid,Jamaat,91914,59038,468076,236597,231475,4
136,Dhaka,Tangail-7,13.3,50.8,Abul Kalam Azad Siddiqui,BNP,141253,Md Abdullah ibn Abul Hossain,Jamaat,71040,70213,375437,188871,186560,6
137,Dhaka,Tangail-8,13.3,50.8,Ahmed Azam Khan,BNP,114217,Salahuddin Alamgir,IND,77130,37087,414826,206623,208198,5
162,Dhaka,Kishoreganj-1,35.3,50.8,Mazharul Islam,BNP,124035,Hedayatullah Hadi,BKM,101132,22903,555136,280657,274476,3
163,Dhaka,Kishoreganj-2,35.3,50.8,Advocate Md. Jalal Uddin,BNP,143669,Md. Shafiul Islam,Jamaat,120975,22694,532516,268568,263939,9
164,Dhaka,Kishoreganj-3,35.3,50.8,Osman Faruk,BNP,112466,Jehad Khan,Jamaat,102476,9990,448625,230210,218412,3
165,Dhaka,Kishoreganj-4,35.3,50.8,Md. Fazlur Rahman,BNP,132472,Md. Rokan Reza Sheikh,Jamaat,57829,74643,408352,211182,197166,4
166,Dhaka,Kishoreganj-5,35.3,50.8,Syed Ehsanul Huda,BNP,66450,Md Ramzan Ali,Jamaat,54400,12050,353566,182452,171108,6
167,Dhaka,Kishoreganj-6,35.3,50.8,Md. Shariful Alam,BNP,185813,Ataullah Amin,BKM,42555,143258,428804,221114,207687,3
168,Dhaka,Manikganj-1,22.2,50.8,SA Jinnah Kabir,BNP,137773,Md. Tozammel Haque,IND,77818,59955,207687,231857,230081,4
169,Dhaka,Manikganj-2,22.2,50.8,Moinul Islam Khan,BNP,175776,Md. Salah Uddin,BKM,81531,94245,472622,237205,235413,4
170,Dhaka,Manikganj-3,22.2,50.8,Afroza Khanam Rita,BNP,167345,Muhammad Said Noor,BKM,64242,103103,400059,199398,200660,1
171,Dhaka,Munshiganj-1,11.3,50.8,Md. Abdullah,BNP,167562,AKM Fakhruddin,Jamaat,101568,65994,545519,280716,264802,1
172,Dhaka,Munshiganj-2,11.3,50.8,Abdus Salam Azad,BNP,121154,Majedul Islam,NCP,58573,62581,378492,194720,183772,0
173,Dhaka,Munshiganj-3,11.3,50.8,Md. Kamruzzaman,BNP,124691,Mohiuddin,IND,88936,35755,509467,263075,246390,2
174,Dhaka,Dhaka-1,8.6,50.8,Khandaker Abu Ashfaq,BNP,173781,Mohammad Nazrul Islam,Jamaat,112622,61159,545140,276050,269085,5
175,Dhaka,Dhaka-2,8.6,50.8,Amanullah Aman,BNP,163020,Md. Abdul Haque,Jamaat,78655,84365,414215,217908,201298,9
176,Dhaka,Dhaka-3,8.6,50.8,Gayeshwar Chandra Roy,BNP,99163,Md. Shahinur Islam,Jamaat,83264,15899,362159,184971,177184,4
177,Dhaka,Dhaka-4,8.6,50.8,Syed Zainul Abedin,Jamaat,77367,Tanveer Ahmed,BNP,74447,2920,362506,186476,176034,5
178,Dhaka,Dhaka-5,8.6,50.8,Mohammad Kamal Hossain,Jamaat,96641,Md Nabi Ulla,BNP,87491,9150,419996,214594,205397,5
179,Dhaka,Dhaka-6,8.6,50.8,Ishraque Hossain,BNP,78850,Md. Abdul Mannan,Jamaat,55697,23153,292284,152520,139761,3
180,Dhaka,Dhaka-7,8.6,50.8,Hamidur Rahman,BNP,104666,Md. Enayat Ulla,Jamaat,98483,6183,498263,259698,238553,12
181,Dhaka,Dhaka-8,8.6,50.8,Mirza Abbas,BNP,59366,Nasiruddin Patwary,NCP,54127,5239,275471,152795,122675,1
182,Dhaka,Dhaka-9,8.6,50.8,Habibur Rashid,BNP,111212,Mohammad Javed Mia,NCP,53460,57752,469359,237673,231681,5
183,Dhaka,Dhaka-10,8.6,50.8,Sheikh Rabiul Alam,BNP,80436,Md. Jasim Uddin Sarkar,Jamaat,77136,3300,388660,204604,184050,6
184,Dhaka,Dhaka-11,8.6,50.8,Nahid Islam,NCP,93872,M. A. Qayyum,BNP,91833,2039,439078,222877,216198,3
185,Dhaka,Dhaka-12,8.6,50.8,Saiful Alam Khan Milon,Jamaat,53773,Saiful Haque,BRWP,30963,22810,333320,174349,158968,3
186,Dhaka,Dhaka-13,8.6,50.8,Bobby Hajjaj,BNP,88387,Mamunul Haque,BKM,86067,2320,408791,209812,198971,8
187,Dhaka,Dhaka-14,8.6,50.8,Mir Ahmad Bin Quasem,Jamaat,101113,Sanjida Islam,BNP,83323,17790,410591,208560,202027,4
188,Dhaka,Dhaka-15,8.6,50.8,Shafiqur Rahman,Jamaat,85131,Md. Shafiqul Islam Khan,BNP,63513,21618,351718,179616,172098,4
189,Dhaka,Dhaka-16,8.6,50.8,Md. Abdul Baten,Jamaat,88828,Aminul Haque,BNP,85467,3361,400499,201168,199323,8
190,Dhaka,Dhaka-17,8.6,50.8,Tarique Rahman,BNP,72699,S. M. Khaliduzzaman,Jamaat,68300,4399,333777,174709,159060,8
191,Dhaka,Dhaka-18,8.6,50.8,SM Jahangir Hossain,BNP,144715,Ariful Islam,NCP,111297,33418,613883,313050,300827,6
192,Dhaka,Dhaka-19,8.6,50.8,Dewan Md. Salauddin,BNP,190976,Dilshana Parul,NCP,125283,65693,747070,379906,367151,13
193,Dhaka,Dhaka-20,8.6,50.8,Md. Tamiz Uddin,BNP,160428,Nabila Tasnid,NCP,56343,104085,376639,187835,188802,2
194,Dhaka,Gazipur-1,1.8,50.8,Md. Mojibur Rahman,BNP,208688,Md. Shah Alam Bakshi,Jamaat,149553,59135,720939,360234,360693,12
195,Dhaka,Gazipur-2,1.8,50.8,M. Manjurul Karim Roni,BNP,188606,Ali Nacher Khan,NCP,140950,47656,804333,400402,403918,13
196,Dhaka,Gazipur-3,1.8,50.8,S. M. Rafiqul Islam,BNP,162343,Muhammad Ehsanul Haque,BKM,100539,61804,527360,260191,267162,7
197,Dhaka,Gazipur-4,1.8,50.8,Salahuddin Aiyubi,Jamaat,101779,Shah Riazul Hannan,BNP,90390,11389,330977,164429,166548,0
198,Dhaka,Gazipur-5,1.8,50.8,AKM Fazlul Haque Milon,BNP,133869,Md. Khairul Hasan,Jamaat,78123,55746,312930,158337,154593,0
199,Dhaka,Narsingdi-1,43.7,50.8,Khairul Kabir Khokon,BNP,161405,Md. Ibrahim Bhuiyan,Jamaat,95349,66056,477209,243945,233252,12
200,Dhaka,Narsingdi-2,43.7,50.8,Abdul Moyeen Khan,BNP,92739,Md. Amjad Hossain,Jamaat,55920,36819,286218,145235,140978,5
201,Dhaka,Narsingdi-3,43.7,50.8,Manzoor Elahi,BNP,82061,Md. Ariful Islam Mridha,IND,45682,36379,284248,142947,141300,1
202,Dhaka,Narsingdi-4,43.7,50.8,Sardar Shakhawat Hossain Bokul,BNP,163392,Md. Jahangir Alam,Jamaat,78744,84648,428954,212677,216274,3
203,Dhaka,Narsingdi-5,43.7,50.8,Md. Ashraf Uddin,BNP,137690,Tajul Islam,BKM,44981,92709,494650,255570,239065,15
204,Dhaka,Narayanganj-1,13.7,50.8,Mustafizur Rahman Bhuiyan,BNP,158358,Md. Anwar Hossain Molla,Jamaat,91690,66668,408829,207849,200977,3
205,Dhaka,Narayanganj-2,13.7,50.8,Md. Nazrul Islam Azad,BNP,124291,Md Ilyach Molla,Jamaat,81054,43237,364098,187801,176292,5
206,Dhaka,Narayanganj-3,13.7,50.8,Azharul Islam Mannan,BNP,155400,Md. Iqbal Hossain Bhuiyan,Jamaat,134918,20482,593348,302290,291055,3
207,Dhaka,Narayanganj-4,13.7,50.8,Abdullah Al Amin,NCP,106171,Monir Hossain,JUIB,80619,25552,540783,273715,267062,6
208,Dhaka,Narayanganj-5,13.7,50.8,Abul Kalam,BNP,114799,ABM Sirajul Mamun,BKM,101196,13603,485288,243768,241512,8
209,Dhaka,Rajbari-1,27.8,50.8,Ali Newaz Mahmud Khayyam,BNP,154541,Md. Nurul Islam,Jamaat,101092,53449,430216,216150,214058,8
210,Dhaka,Rajbari-2,27.8,50.8,Md. Haroon-or-Rashid,BNP,237254,Jamil Hijazi,NCP,67299,169955,559696,285544,274146,6
211,Dhaka,Faridpur-1,27,50.8,Md. Elias Molla,Jamaat,154145,Khandokar Nasirul Islam,BNP,126476,27669,510540,259335,251204,1
212,Dhaka,Faridpur-2,27,50.8,Shama Obaed,BNP,121694,Md. Akram Ali,BKM,89305,32389,332041,172904,159137,0
213,Dhaka,Faridpur-3,27,50.8,Nayab Yusuf Ahmed,BNP,148545,Md. Abdul Tawab,Jamaat,124115,24430,432628,216022,216600,6
214,Dhaka,Faridpur-4,27,50.8,Md. Shahidul Islam,BNP,127443,Md. Sarwar Hossain,Jamaat,75805,51638,496706,254655,242050,1
215,Dhaka,Gopalganj-1,25.7,50.8,Md. Selimuzzaman Molya,BNP,69462,Md. Kabir Miya,GOP,54329,15133,399510,202816,196694,0
216,Dhaka,Gopalganj-2,25.7,50.8,KM Babar,BNP,40048,M. H. Khan Manju,IND,33039,7009,384326,194060,190262,4
217,Dhaka,Gopalganj-3,25.7,50.8,S. M. Jilani,BNP,60166,Gobinda Chandra Pramanik,IND,33867,26299,308784,158403,150380,1
218,Dhaka,Madaripur-1,54.4,50.8,Syed Uddin Ahmad Hanzala,BKM,64909,Nadira Akhter,BNP,64524,385,324289,169041,155246,2
219,Dhaka,Madaripur-2,54.4,50.8,Md. Jahandar Ali Mia,BNP,61744,Milton Baiddo,IND,46476,15268,436233,223624,212601,8
220,Dhaka,Madaripur-3,54.4,50.8,Anishur Rahman,BNP,96188,Md. Rafiqul Islam,Jamaat,84646,11542,387806,202645,185159,2
221,Dhaka,Shariatpur-1,27.1,50.8,Saeed Ahmed,BNP,77398,Jalaluddin Ahmad,BKM,62717,14681,395476,207730,187736,10
222,Dhaka,Shariatpur-2,27.1,50.8,Md. Safiqur Rahman Kiran,BNP,129814,Mahmud Hossain,Jamaat,70892,58922,415135,215993,199140,2
223,Dhaka,Shariatpur-3,27.1,50.8,Mia Nuruddin Ahmed Apu,BNP,107516,Muhammad Azharul Islam,Jamaat,69684,37832,340142,174068,166072,2
224,Sylhet,Sunamganj-1,27.2,40.8,Kamruzzaman Kamrul,BNP,161774,Tofail Ahmed,Jamaat,92966,68808,501556,256186,245360,10
225,Sylhet,Sunamganj-2,27.2,40.8,Md. Nasir Chowdhury,BNP,99522,Mohammad Shishir Monir,Jamaat,63220,36302,306052,154652,151399,1
226,Sylhet,Sunamganj-3,27.2,40.8,Mohammad Kaisar Ahmed,BNP,97313,Md. Anwar Hossain,IND,42226,55087,373016,189243,183767,6
227,Sylhet,Sunamganj-4,27.2,40.8,Nurul Islam,BNP,98092,Md. Shams Uddin,Jamaat,75735,22357,372185,189359,182813,13
228,Sylhet,Sunamganj-5,27.2,40.8,Kalim Uddin Ahmed,BNP,151915,Abu Tahir Muhammad Abdus Salam,Jamaat,102121,49794,527458,270620,256836,2
229,Sylhet,Sylhet-1,16,40.8,Khandakar Abdul Muktadir,BNP,176936,Maulana Habibur Rahman,Jamaat,134983,41953,680946,353186,327747,13
230,Sylhet,Sylhet-2,16,40.8,Tahsina Rushdir Luna,BNP,116697,Muhammad Muntasir Ali,KM,37446,79251,368932,188679,180253,0
231,Sylhet,Sylhet-3,16,40.8,Mohammad Abdul Malik,BNP,114255,Musleh Uddin Raju,BKM,73614,40641,416000,211709,204289,2
232,Sylhet,Sylhet-4,16,40.8,Ariful Haque Chowdhury,BNP,186846,Md Zainal Abedin,Jamaat,71391,115455,512933,267130,245802,1
233,Sylhet,Sylhet-5,16,40.8,Mohammad Abul Hasan,KM,79355,Ubaidullah Faruk,JUIB,69774,9581,428748,221357,207391,0
234,Sylhet,Sylhet-6,16,40.8,Emran Ahmed Chowdhury,BNP,70794,Mohammad Selim Uddin,Jamaat,55923,14871,509093,256938,252155,0
235,Sylhet,Moulvibazar-1,20.4,40.8,Nasir Uddin Ahmed,BNP,98282,Mohammad Aminul Islam,Jamaat,83013,15269,337816,172998,164816,2
236,Sylhet,Moulvibazar-2,20.4,40.8,Shawkat Hossain Saku,BNP,88381,Md. Syed Ali,Jamaat,53458,34923,303020,157128,145892,0
237,Sylhet,Moulvibazar-3,20.4,40.8,Nasser Rahman,BNP,156757,Md. Abdul Mannan,Jamaat,77636,79121,486212,248109,238099,4
238,Sylhet,Moulvibazar-4,20.4,40.8,Md. Mujibur Rahman Chowdhury,BNP,170877,Sheikh Noor-e-Alam Hamidi,BKM,50204,120673,487892,246202,241688,2
239,Sylhet,Habiganj-1,10.9,40.8,Reza Kibria,BNP,111999,Maulana Sirajul Islam,BKM,56132,55867,466921,236576,230340,5
240,Sylhet,Habiganj-2,10.9,40.8,Abu Mansoor Sakhawat Hasan,BNP,126583,Abdul Basit Azad,BKM,65762,60821,394756,200162,194590,4
241,Sylhet,Habiganj-3,10.9,40.8,G. K. Gouse,BNP,142348,Qazi Mohsin Ahmad,Jamaat,45568,96780,419573,213298,206262,13
242,Sylhet,Habiganj-4,10.9,40.8,S. M. Faisal,BNP,188072,Md Ghiyas Uddin,BIF,84323,103749,552711,278660,274049,2
243,Chittagong,Brahmanbaria-1,20.2,51,M. A. Hannan,BNP,68092,A. K. M. Aminul Islam,Jamaat,35220,32872,275629,146269,129357,3
244,Chittagong,Brahmanbaria-2,20.2,51,Rumeen Farhana,IND,118547,Mohammad Junaid Al Habib,JUIB,80434,38113,499448,265245,234201,2
245,Chittagong,Brahmanbaria-3,20.2,51,Md. Khaled Hossain Mahbub,BNP,209636,Md. Ataullah,NCP,62547,147089,624601,328182,296419,0
246,Chittagong,Brahmanbaria-4,20.2,51,Mushfiqur Rahman,BNP,139842,Md. Ataur Rahman Sarkar,Jamaat,91796,48046,443909,230647,213256,6
247,Chittagong,Brahmanbaria-5,20.2,51,Md. Abdul Mannan,BNP,85769,Kazi Nazmul Hossain,IND,84708,1061,474826,248737,226085,4
248,Chittagong,Brahmanbaria-6,20.2,51,Zonayed Saki,GSA,95342,Md. Mohsin,Jamaat,39976,55366,289674,147260,142413,1
249,Chittagong,Comilla-1,13.4,51,Khandkar Mosharraf Hossain,BNP,141440,Md. Moniruzzaman,Jamaat,94845,46595,438616,225088,213528,0
250,Chittagong,Comilla-2,13.4,51,Md. Abdul Mannan,BNP,77037,Md. Abdul Matin,IND,63045,13992,375067,196119,178947,1
251,Chittagong,Comilla-3,13.4,51,Kazi Shah Mofazzal Hossain Kaikobad,BNP,159291,Md. Yusuf Sohail,Jamaat,109599,49692,500726,258905,241817,4
252,Chittagong,Comilla-4,13.4,51,Hasnat Abdullah,NCP,166583,Md. Jasim Uddin,GOP,49885,116698,410559,215237,195319,3
253,Chittagong,Comilla-5,13.4,51,Md. Jashim Uddin,BNP,134485,Mubarak Hossain,Jamaat,124587,9898,476172,247155,229017,0
254,Chittagong,Comilla-6,13.4,51,Monirul Haq Chowdhury,BNP,201706,Qazi Deen Mohammad,Jamaat,119851,81855,644777,324195,320575,7
255,Chittagong,Comilla-7,13.4,51,Atikul Alam Shawon,IND,91690,Redwan Ahmed,BNP,48509,43181,329166,169361,159799,6
256,Chittagong,Comilla-8,13.4,51,Zakaria Taher Sumon,BNP,169178,Md. Shafiqul Alam Helal,Jamaat,45091,124087,380833,196098,184732,3
257,Chittagong,Comilla-9,13.4,51,Md. Abul Kalam,BNP,170008,AKM Sarwar Uddin Siddiqui,Jamaat,118961,51047,478535,247765,230769,1
258,Chittagong,Comilla-10,13.4,51,Md. Mobaswer Alam Bhuiyan,BNP,163667,Mohammad Ibrahim Abrar,Jamaat,123733,39934,536227,276647,259579,1
259,Chittagong,Comilla-11,13.4,51,Syed Abdullah Muhammad Taher,Jamaat,133308,Md. Kamrul Huda,BNP,76638,56670,421632,216923,204705,4
260,Chittagong,Chandpur-1,24.6,51,A. N. M. Ehsanul Hoque Milan,BNP,133032,Abu Nashar Maqbool Ahmad,Jamaat,70368,62664,356485,184802,171680,3
261,Chittagong,Chandpur-2,24.6,51,Md. Jalal Uddin,BNP,172506,Md. Bilal Hossain,LDP,57473,115033,501061,256500,244559,2
262,Chittagong,Chandpur-3,24.6,51,Sheikh Farid Ahmed,BNP,165404,Md. Shahjahan Mia,Jamaat,100865,64539,546334,282704,263628,2
263,Chittagong,Chandpur-4,24.6,51,Md. Abdul Hannan,IND,74175,Md. Harunur Rashid,BNP,69155,5020,400631,208603,192027,1
264,Chittagong,Chandpur-5,24.6,51,Md. Mominul Haque,BNP,185404,Md. Neyamul Bashir,LDP,75660,109744,526679,269243,257433,3
265,Chittagong,Feni-1,10.5,51,Rafiqul Alam Majnu,BNP,119904,SM Kamaluddin,Jamaat,85615,34289,385652,198759,186890,3
266,Chittagong,Feni-2,10.5,51,Joynal Abedin,BNP,131210,Mojibur Rahman Bhuiyan Monju,ABP,80058,51152,437078,225881,211194,3
267,Chittagong,Feni-3,10.5,51,Abdul Awal Mintoo,BNP,157425,Mohammad Fakhruddin,Jamaat,108160,49265,508194,263227,244965,2
268,Chittagong,Noakhali-1,6.1,51,Mahbub Uddin Khokon,BNP,126833,Md. Saif Ullah,Jamaat,98036,28797,452425,233711,218714,0
269,Chittagong,Noakhali-2,6.1,51,Zainul Abdin Farroque,BNP,83982,Sultan Muhammad Zakaria Majumdar,NCP,67054,16928,360081,186305,173775,1
270,Chittagong,Noakhali-3,6.1,51,Barkat Ullah Bulu,BNP,141031,Md. Borhan Uddin,Jamaat,123941,17090,511759,269886,241865,8
271,Chittagong,Noakhali-4,6.1,51,Md. Shahjahan,BNP,219182,Md. Ishaq Khandkar,Jamaat,148989,70193,700339,366659,333677,3
272,Chittagong,Noakhali-5,6.1,51,Mohammad Fakhrul Islam,BNP,147808,Mohammad Belayet Hossain,Jamaat,120453,27355,503851,261779,242072,0
273,Chittagong,Noakhali-6,6.1,51,Abdul Hannan Masud,NCP,91899,Mohammad Mahbuber Rahman,BNP,64021,27878,339185,178309,160874,2
274,Chittagong,Lakshmipur-1,15.6,51,Md. Shahadat Hossain,BNP,86811,Md. Mahbub Alam,NCP,59265,27546,281302,144658,136644,0
275,Chittagong,Lakshmipur-2,15.6,51,Md. Abul Khair Bhuiyan,BNP,146321,S. U. M. Ruhul Amin Bhuiyan,Jamaat,133698,12623,493970,254407,239558,5
276,Chittagong,Lakshmipur-3,15.6,51,Shahid Uddin Chowdhury Anee,BNP,135612,Md. Rezaul Karim,Jamaat,122802,12810,444472,229709,214758,5
277,Chittagong,Lakshmipur-4,15.6,51,A. B. M. Ashraf Uddin Nijan,BNP,115199,Md. Ashraful Rahman Hafizulya,Jamaat,73756,41443,418160,218483,199676,1
278,Chittagong,Chittagong-1,12,51,Nurul Amin,BNP,128799,Mohammad Shaifur Rahman,Jamaat,84538,44261,386674,199859,186811,4
279,Chittagong,Chittagong-2,12,51,Sarwar Alamgi,BNP,"138,545",Mohammad Nurul Amin,Jamaat,"62,160",76385,488465,259197,229267,1
280,Chittagong,Chittagong-3,12,51,Mostafa Kamal Pasha,BNP,72519,Mohammad Alauddin Sikder,Jamaat,36818,35701,260485,134720,125763,2
281,Chittagong,Chittagong-4,12,51,Aslam Chawdhury,BNP,142674,Anwar Siddiqui Chawdhury,Jamaat,89268,53406,448380,235352,213016,12
282,Chittagong,Chittagong-5,12,51,Mir Mohammad Helal Uddin,BNP,147054,Md. Nasir Uddin,BKM,46589,100465,501916,260903,241012,1
283,Chittagong,Chittagong-6,12,51,Giasuddin Quader Chowdhury,BNP,111201,Mohammad Ilias Nuri,BIF,26696,84505,339988,178971,161017,0
284,Chittagong,Chittagong-7,12,51,Humam Quader Chowdhury,BNP,101445,ATM Rezaul Karim,Jamaat,41719,59726,319008,167531,151476,1
285,Chittagong,Chittagong-8,12,51,Ershad Ullah,BNP,152969,Md. Abu Nasser,Jamaat,53564,99405,554729,282606,272122,1
286,Chittagong,Chittagong-9,12,51,Mohammad Abu Sufian,BNP,109388,Dr. AKM Fazlul Haque,Jamaat,53807,55581,397476,202689,194778,9
287,Chittagong,Chittagong-10,12,51,Sayeed Al Noman,BNP,122978,Muhammad Shamsuzzaman Helaly,Jamaat,76919,46059,492444,249784,242631,29
288,Chittagong,Chittagong-11,12,51,Amir Khasru Mahmud Chowdhury,BNP,115999,Mohammad Shafiul Alam,Jamaat,76681,39318,495278,252333,242942,3
289,Chittagong,Chittagong-12,12,51,Mohammad Enamul Haque,BNP,135044,Syed Air Mohammad Payaru,BIF,28999,106045,352695,184254,168440,1
290,Chittagong,Chittagong-13,12,51,Sarwar Jamal Nizam,BNP,126192,S. M. Shah Jahan,BIF,51450,74742,395246,207714,187532,0
291,Chittagong,Chittagong-14,12,51,Jashim Uddin Ahammed,BNP,76493,Omar Farooq,LDP,75467,1026,313513,165847,147665,1
292,Chittagong,Chittagong-15,12,51,Shajahan Chowdhury,Jamaat,172061,Nazmul Mustafa Amin,BNP,127025,45036,506059,270915,235144,0
293,Chittagong,Chittagong-16,12,51,Mohammad Zahirul Islam,Jamaat,93167,Miskatul Islam Chowdhury,BNP,83105,10062,411274,219982,191287,5
294,Chittagong,Cox's Bazar-1,27.8,51,Salahuddin Ahmed,BNP,222019,Abdullah Al Farooq,Jamaat,129728,92291,540490,290291,250198,1
295,Chittagong,Cox's Bazar-2,27.8,51,Alamgir Mahfuzullah Farid,BNP,125543,A. H. M. Hamidur Rahman Azad,Jamaat,91889,33654,387851,206453,181398,0
296,Chittagong,Cox's Bazar-3,27.8,51,Lutfur Rahman Kajal,BNP,182096,Shahidul Alam,Jamaat,161827,20269,545963,291099,254863,1
297,Chittagong,Cox's Bazar-4,27.8,51,Shahjahan Chowdhury,BNP,122909,Noor Ahmad Anwari,Jamaat,121980,929,375688,192803,182879,6
298,Chittagong,Khagrachhari,15.9,51,Wadud Bhuiyan,BNP,151040,Dharma Jyoti Chakma,IND,68315,82725,554119,280206,273909,4
299,Chittagong,Rangamati,14.3,51,Dipen Dewan,BNP,201544,Pahel Chakma,IND,31222,170322,509272,263411,245859,2
300,Chittagong,Bandarban,25,51,Saching Prue Jerry,BNP,141455,Abu Saeed Md. Suja Uddin,NCP,26162,115293,315422,161775,153647,0